{"name":"Cantio - Campus Food Ordering","short_name":"Cantio","description":"Order food from your campus canteen with ease","start_url":"/","display":"standalone","background_color":"#ffffff","theme_color":"#2563eb","orientation":"portrait-primary","scope":"/","id":"/","categories":["food","shopping","lifestyle"],"lang":"en","dir":"ltr","icons":[{"src":"/android-launchericon-48-48.png","sizes":"48x48","type":"image/png","purpose":"maskable any"},{"src":"/android-launchericon-72-72.png","sizes":"72x72","type":"image/png","purpose":"maskable any"},{"src":"/android-launchericon-96-96.png","sizes":"96x96","type":"image/png","purpose":"maskable any"},{"src":"/android-launchericon-144-144.png","sizes":"144x144","type":"image/png","purpose":"maskable any"},{"src":"/android-launchericon-192-192.png","sizes":"192x192","type":"image/png","purpose":"maskable any"},{"src":"/android-launchericon-512-512.png","sizes":"512x512","type":"image/png","purpose":"maskable any"}],"shortcuts":[{"name":"View Menu","short_name":"Menu","description":"Browse the canteen menu","url":"/menu","icons":[{"src":"/android-launchericon-192-192.png","sizes":"192x192"}]},{"name":"My Orders","short_name":"Orders","description":"Check your order status","url":"/orders","icons":[{"src":"/android-launchericon-192-192.png","sizes":"192x192"}]}],"related_applications":[],"prefer_related_applications":false}